Nationality,2017,2018,2019,2020,2021,2022,2023,Term,Status,Region
Afghanistan,42,44,35,23,118,306,153,Long,Refused,Southern Asia
Afghanistan,480,433,86,39,28,56,40,Short,Refused,Southern Asia
Afghanistan,153,108,149,114,284,194,421,Long,Granted,Southern Asia
Afghanistan,41,37,96,22,31,134,141,Short,Granted,Southern Asia
Albania,13,17,24,22,26,21,11,Long,Refused,Southern Europe
Albania,73,106,93,15,6,63,46,Short,Refused,Southern Europe
Albania,28,31,36,14,50,57,29,Long,Granted,Southern Europe
Albania,322,397,429,50,114,494,338,Short,Granted,Southern Europe
Algeria,32,13,23,15,15,60,54,Long,Refused,Northern Africa
Algeria,121,116,148,35,20,153,151,Short,Refused,Northern Africa
Algeria,38,51,45,176,62,77,58,Long,Granted,Northern Africa
Algeria,242,256,361,67,33,170,202,Short,Granted,Northern Africa
Angola,5,NA,NA,5,NA,8,0,Long,Refused,Middle Africa
Angola,25,54,27,NA,NA,12,24,Short,Refused,Middle Africa
Angola,0,6,4,NA,8,7,10,Long,Granted,Middle Africa
Angola,48,66,51,8,6,48,49,Short,Granted,Middle Africa
Armenia,NA,4,NA,0,0,NA,NA,Long,Refused,Western Asia
Armenia,5,NA,7,NA,NA,4,NA,Short,Refused,Western Asia
Armenia,15,23,12,13,17,30,18,Long,Granted,Western Asia
Armenia,168,158,268,33,25,230,217,Short,Granted,Western Asia
Azerbaijan,5,NA,8,NA,NA,0,13,Long,Refused,Western Asia
Azerbaijan,5,13,16,NA,NA,9,16,Short,Refused,Western Asia
Azerbaijan,12,18,15,12,26,34,17,Long,Granted,Western Asia
Azerbaijan,170,198,220,37,73,188,150,Short,Granted,Western Asia
Bahrain,NA,NA,NA,NA,NA,NA,NA,Long,Refused,Western Asia
Bahrain,4,10,7,NA,4,9,NA,Short,Refused,Western Asia
Bahrain,24,20,24,8,34,29,12,Long,Granted,Western Asia
Bahrain,244,211,241,42,76,191,94,Short,Granted,Western Asia
Bangladesh,63,112,88,51,61,120,89,Long,Refused,Southern Asia
Bangladesh,230,200,218,57,40,106,117,Short,Refused,Southern Asia
Bangladesh,138,129,155,137,161,356,247,Long,Granted,Southern Asia
Bangladesh,400,434,467,68,68,473,453,Short,Granted,Southern Asia
Belarus,NA,7,9,6,NA,8,8,Long,Refused,Eastern Europe
Belarus,51,85,101,21,5,8,11,Short,Refused,Eastern Europe
Belarus,40,49,51,41,65,138,75,Long,Granted,Eastern Europe
Belarus,1379,1421,1414,222,110,387,302,Short,Granted,Eastern Europe
Benin,0,NA,NA,0,NA,NA,NA,Long,Refused,Western Africa
Benin,9,5,5,NA,NA,7,NA,Short,Refused,Western Africa
Benin,NA,4,NA,NA,NA,10,NA,Long,Granted,Western Africa
Benin,18,17,26,4,0,NA,7,Short,Granted,Western Africa
Bhutan,0,0,0,0,NA,0,0,Long,Refused,Southern Asia
Bhutan,0,NA,NA,0,0,0,0,Short,Refused,Southern Asia
Bhutan,NA,0,0,0,NA,0,NA,Long,Granted,Southern Asia
Bhutan,12,13,8,NA,0,NA,NA,Short,Granted,Southern Asia
Bosnia and Herzegovina,10,6,8,4,7,7,NA,Long,Refused,Southern Europe
Bosnia and Herzegovina,14,21,38,7,NA,7,10,Short,Refused,Southern Europe
Bosnia and Herzegovina,31,28,30,27,27,52,10,Long,Granted,Southern Europe
Bosnia and Herzegovina,406,526,386,110,60,320,244,Short,Granted,Southern Europe
Burkina Faso,0,NA,NA,0,6,0,NA,Long,Refused,Western Africa
Burkina Faso,NA,NA,4,0,NA,NA,4,Short,Refused,Western Africa
Burkina Faso,NA,NA,NA,NA,NA,NA,NA,Long,Granted,Western Africa
Burkina Faso,19,20,18,5,NA,14,6,Short,Granted,Western Africa
Burundi,NA,0,0,0,NA,0,NA,Long,Refused,Eastern Africa
Burundi,NA,4,NA,NA,0,6,42,Short,Refused,Eastern Africa
Burundi,9,6,4,0,6,NA,8,Long,Granted,Eastern Africa
Burundi,32,19,18,0,NA,7,7,Short,Granted,Eastern Africa
Cabo Verde,0,NA,0,0,0,0,0,Long,Refused,Western Africa
Cabo Verde,0,NA,0,0,0,NA,0,Short,Refused,Western Africa
Cabo Verde,NA,NA,0,NA,0,NA,NA,Long,Granted,Western Africa
Cabo Verde,8,13,16,NA,NA,7,4,Short,Granted,Western Africa
Cambodia,0,NA,0,0,NA,24,18,Long,Refused,South-Eastern Asia
Cambodia,NA,NA,7,0,0,NA,NA,Short,Refused,South-Eastern Asia
Cambodia,6,NA,6,5,5,43,8,Long,Granted,South-Eastern Asia
Cambodia,52,41,41,14,NA,31,62,Short,Granted,South-Eastern Asia
Cameroon,16,35,28,16,26,27,59,Long,Refused,Middle Africa
Cameroon,78,78,132,14,8,42,63,Short,Refused,Middle Africa
Cameroon,30,22,39,19,39,50,28,Long,Granted,Middle Africa
Cameroon,166,151,138,37,26,100,106,Short,Granted,Middle Africa
Central African Republic (the),0,0,0,0,0,0,0,Long,Refused,Middle Africa
Central African Republic (the),0,0,NA,0,0,0,0,Short,Refused,Middle Africa
Central African Republic (the),4,0,0,0,0,NA,0,Long,Granted,Middle Africa
Central African Republic (the),5,9,NA,0,0,NA,NA,Short,Granted,Middle Africa
Chad,0,NA,0,0,0,0,0,Long,Refused,Middle Africa
Chad,NA,0,NA,NA,0,0,0,Short,Refused,Middle Africa
Chad,0,NA,0,0,0,NA,0,Long,Granted,Middle Africa
Chad,9,5,9,NA,0,NA,NA,Short,Granted,Middle Africa
China,112,273,251,259,138,145,214,Long,Refused,Eastern Asia
China,455,612,627,78,36,81,223,Short,Refused,Eastern Asia
China,3198,3418,3797,2436,3062,4063,5097,Long,Granted,Eastern Asia
China,13055,16124,18468,1469,602,3385,7766,Short,Granted,Eastern Asia
Colombia,54,82,78,21,27,183,84,Long,Refused,South America
Colombia,15,17,24,NA,8,17,9,Short,Refused,South America
Colombia,68,84,83,56,76,270,198,Long,Granted,South America
Colombia,1272,1368,1462,174,129,918,909,Short,Granted,South America
Comoros (the),0,0,0,0,0,0,0,Long,Refused,Eastern Africa
Comoros (the),NA,NA,0,NA,0,6,5,Short,Refused,Eastern Africa
Comoros (the),0,0,0,NA,0,0,0,Long,Granted,Eastern Africa
Comoros (the),17,4,5,0,NA,5,NA,Short,Granted,Eastern Africa
Congo (the Democratic Republic of the),16,13,18,6,22,12,17,Long,Refused,Middle Africa
Congo (the Democratic Republic of the),106,232,93,33,7,93,96,Short,Refused,Middle Africa
Congo (the Democratic Republic of the),59,42,134,107,53,66,38,Long,Granted,Middle Africa
Congo (the Democratic Republic of the),213,136,116,13,14,98,76,Short,Granted,Middle Africa
Congo (the),NA,NA,6,NA,NA,0,0,Long,Refused,Middle Africa
Congo (the),18,23,15,NA,0,NA,4,Short,Refused,Middle Africa
Congo (the),NA,8,7,4,NA,7,5,Long,Granted,Middle Africa
Congo (the),17,7,16,12,0,12,10,Short,Granted,Middle Africa
Cuba,NA,7,6,NA,0,7,NA,Long,Refused,Caribbean
Cuba,NA,6,6,NA,NA,14,8,Short,Refused,Caribbean
Cuba,5,9,15,6,8,18,9,Long,Granted,Caribbean
Cuba,84,136,259,7,7,56,37,Short,Granted,Caribbean
Côte d'Ivoire,7,10,4,4,5,6,6,Long,Refused,Western Africa
Côte d'Ivoire,7,14,11,4,NA,15,10,Short,Refused,Western Africa
Côte d'Ivoire,6,NA,4,5,11,16,6,Long,Granted,Western Africa
Côte d'Ivoire,48,55,38,21,NA,45,23,Short,Granted,Western Africa
Djibouti,NA,0,NA,0,0,0,0,Long,Refused,Eastern Africa
Djibouti,6,0,NA,0,NA,NA,NA,Short,Refused,Eastern Africa
Djibouti,0,0,0,0,0,NA,0,Long,Granted,Eastern Africa
Djibouti,10,8,6,0,0,7,NA,Short,Granted,Eastern Africa
Dominican Republic (the),NA,5,NA,NA,NA,0,NA,Long,Refused,Caribbean
Dominican Republic (the),5,NA,NA,4,NA,NA,8,Short,Refused,Caribbean
Dominican Republic (the),4,7,12,5,9,11,7,Long,Granted,Caribbean
Dominican Republic (the),89,124,113,16,12,98,133,Short,Granted,Caribbean
Ecuador,5,8,16,NA,4,40,13,Long,Refused,South America
Ecuador,11,5,5,4,NA,NA,NA,Short,Refused,South America
Ecuador,24,15,19,12,15,31,30,Long,Granted,South America
Ecuador,247,291,313,34,8,150,175,Short,Granted,South America
Egypt,39,32,37,44,36,65,68,Long,Refused,Northern Africa
Egypt,279,175,191,66,22,133,186,Short,Refused,Northern Africa
Egypt,563,502,449,342,340,636,323,Long,Granted,Northern Africa
Egypt,1452,1650,1817,340,210,1171,1116,Short,Granted,Northern Africa
Equatorial Guinea,0,NA,0,0,0,0,NA,Long,Refused,Middle Africa
Equatorial Guinea,NA,5,NA,0,0,0,0,Short,Refused,Middle Africa
Equatorial Guinea,NA,0,0,0,0,0,0,Long,Granted,Middle Africa
Equatorial Guinea,NA,0,5,0,0,NA,NA,Short,Granted,Middle Africa
Eritrea,0,NA,0,NA,NA,6,NA,Long,Refused,Eastern Africa
Eritrea,12,19,32,8,NA,11,7,Short,Refused,Eastern Africa
Eritrea,5,5,22,11,12,4,4,Long,Granted,Eastern Africa
Eritrea,18,21,18,4,5,36,26,Short,Granted,Eastern Africa
Ethiopia,11,11,14,7,13,18,7,Long,Refused,Eastern Africa
Ethiopia,42,106,65,10,6,85,66,Short,Refused,Eastern Africa
Ethiopia,60,49,65,27,79,58,35,Long,Granted,Eastern Africa
Ethiopia,237,292,254,20,33,176,186,Short,Granted,Eastern Africa
Faroe Islands (the),0,0,0,0,0,0,0,Long,Refused,Northern Europe
Faroe Islands (the),0,0,0,0,0,NA,0,Short,Refused,Northern Europe
Faroe Islands (the),0,0,0,0,0,0,0,Long,Granted,Northern Europe
Faroe Islands (the),0,0,0,0,0,0,0,Short,Granted,Northern Europe
Gabon,0,NA,0,0,NA,NA,NA,Long,Refused,Middle Africa
Gabon,NA,6,NA,NA,0,NA,0,Short,Refused,Middle Africa
Gabon,NA,0,0,NA,NA,NA,NA,Long,Granted,Middle Africa
Gabon,10,13,21,4,0,6,4,Short,Granted,Middle Africa
Gambia (the),0,NA,4,NA,NA,NA,5,Long,Refused,Western Africa
Gambia (the),25,10,12,7,NA,59,34,Short,Refused,Western Africa
Gambia (the),NA,5,NA,NA,NA,4,5,Long,Granted,Western Africa
Gambia (the),24,31,13,13,13,17,10,Short,Granted,Western Africa
Georgia,20,12,12,8,6,26,17,Long,Refused,Western Asia
Georgia,135,100,92,5,9,106,127,Short,Refused,Western Asia
Georgia,30,35,45,14,48,98,46,Long,Granted,Western Asia
Georgia,325,300,451,108,88,445,384,Short,Granted,Western Asia
Ghana,37,47,53,56,97,53,56,Long,Refused,Western Africa
Ghana,223,234,203,45,32,367,179,Short,Refused,Western Africa
Ghana,77,67,104,86,87,245,244,Long,Granted,Western Africa
Ghana,314,370,346,64,68,280,219,Short,Granted,Western Africa
Guinea,6,5,5,NA,4,7,NA,Long,Refused,Western Africa
Guinea,25,11,15,6,NA,10,21,Short,Refused,Western Africa
Guinea,5,13,NA,NA,10,25,NA,Long,Granted,Western Africa
Guinea,19,20,28,NA,7,14,19,Short,Granted,Western Africa
Guinea-Bissau,0,NA,NA,0,NA,NA,0,Long,Refused,Western Africa
Guinea-Bissau,NA,NA,NA,0,0,0,0,Short,Refused,Western Africa
Guinea-Bissau,0,0,0,0,NA,0,0,Long,Granted,Western Africa
Guinea-Bissau,NA,4,NA,NA,NA,4,4,Short,Granted,Western Africa
Haiti,0,0,NA,NA,0,NA,0,Long,Refused,Caribbean
Haiti,0,NA,NA,0,0,NA,0,Short,Refused,Caribbean
Haiti,4,NA,NA,4,0,5,0,Long,Granted,Caribbean
Haiti,42,69,21,4,NA,5,12,Short,Granted,Caribbean
India,856,646,479,247,408,1072,1126,Long,Refused,Southern Asia
India,861,1079,1557,326,237,1262,806,Short,Refused,Southern Asia
India,6906,8575,12371,8963,14600,25385,17074,Long,Granted,Southern Asia
India,17544,19704,23262,5076,3384,22756,23551,Short,Granted,Southern Asia
Indonesia,8,19,4,NA,9,4,7,Long,Refused,South-Eastern Asia
Indonesia,22,25,20,NA,NA,6,16,Short,Refused,South-Eastern Asia
Indonesia,73,86,91,78,157,231,175,Long,Granted,South-Eastern Asia
Indonesia,2599,3086,3382,470,150,678,590,Short,Granted,South-Eastern Asia
Iran (Islamic Republic of),23,89,32,17,37,73,61,Long,Refused,Southern Asia
Iran (Islamic Republic of),177,231,121,12,24,91,69,Short,Refused,Southern Asia
Iran (Islamic Republic of),108,122,229,157,197,355,186,Long,Granted,Southern Asia
Iran (Islamic Republic of),722,721,634,119,83,574,522,Short,Granted,Southern Asia
Iraq,83,43,22,17,16,28,9,Long,Refused,Western Asia
Iraq,303,92,109,17,15,131,84,Short,Refused,Western Asia
Iraq,148,86,104,39,52,81,39,Long,Granted,Western Asia
Iraq,133,152,150,26,31,277,188,Short,Granted,Western Asia
Jamaica,NA,4,NA,0,NA,NA,NA,Long,Refused,Caribbean
Jamaica,13,19,23,NA,5,16,7,Short,Refused,Caribbean
Jamaica,9,7,4,9,7,14,NA,Long,Granted,Caribbean
Jamaica,142,159,149,10,14,93,91,Short,Granted,Caribbean
Jordan,8,5,27,14,31,28,15,Long,Refused,Western Asia
Jordan,73,93,140,41,28,147,67,Short,Refused,Western Asia
Jordan,56,78,90,75,94,137,94,Long,Granted,Western Asia
Jordan,623,747,725,119,97,596,489,Short,Granted,Western Asia
Kazakhstan,8,5,27,8,0,18,29,Long,Refused,Central Asia
Kazakhstan,26,38,28,21,0,NA,4,Short,Refused,Central Asia
Kazakhstan,49,54,73,53,62,103,61,Long,Granted,Central Asia
Kazakhstan,422,469,388,67,51,219,253,Short,Granted,Central Asia
Kenya,18,25,9,5,30,45,25,Long,Refused,Eastern Africa
Kenya,56,62,51,21,19,114,87,Short,Refused,Eastern Africa
Kenya,49,71,88,86,143,319,208,Long,Granted,Eastern Africa
Kenya,600,743,618,112,87,620,449,Short,Granted,Eastern Africa
Korea (the Democratic People's Republic of) North Korea,0,0,0,0,0,0,0,Long,Refused,Eastern Asia
Korea (the Democratic People's Republic of) North Korea,0,0,0,0,0,0,0,Short,Refused,Eastern Asia
Korea (the Democratic People's Republic of) North Korea,0,0,0,0,0,0,0,Long,Granted,Eastern Asia
Korea (the Democratic People's Republic of) North Korea,NA,NA,0,0,0,0,0,Short,Granted,Eastern Asia
Kosovo,NA,8,11,53,56,5,10,Long,Refused,Southern Europe
Kosovo,16,22,16,6,NA,5,5,Short,Refused,Southern Europe
Kosovo,8,14,43,79,13,31,20,Long,Granted,Southern Europe
Kosovo,228,176,175,23,26,179,83,Short,Granted,Southern Europe
Kuwait,7,5,25,26,7,6,7,Long,Refused,Western Asia
Kuwait,37,61,171,39,20,49,29,Short,Refused,Western Asia
Kuwait,436,454,306,159,417,372,218,Long,Granted,Western Asia
Kuwait,1029,1128,1070,146,500,1000,573,Short,Granted,Western Asia
Kyrgyzstan,6,6,8,NA,0,37,28,Long,Refused,Central Asia
Kyrgyzstan,38,9,17,NA,0,4,NA,Short,Refused,Central Asia
Kyrgyzstan,7,11,6,8,13,48,17,Long,Granted,Central Asia
Kyrgyzstan,64,55,47,17,10,44,29,Short,Granted,Central Asia
Lao People's Democratic Republic (the),0,NA,0,0,0,NA,0,Long,Refused,South-Eastern Asia
Lao People's Democratic Republic (the),NA,NA,NA,0,0,0,NA,Short,Refused,South-Eastern Asia
Lao People's Democratic Republic (the),NA,0,NA,NA,5,4,NA,Long,Granted,South-Eastern Asia
Lao People's Democratic Republic (the),16,17,7,9,0,13,7,Short,Granted,South-Eastern Asia
Lebanon,8,5,4,NA,7,4,9,Long,Refused,Western Asia
Lebanon,80,61,46,28,12,63,31,Short,Refused,Western Asia
Lebanon,58,58,55,65,94,173,41,Long,Granted,Western Asia
Lebanon,947,980,1004,168,99,572,507,Short,Granted,Western Asia
Liberia,NA,0,NA,0,0,0,0,Long,Refused,Western Africa
Liberia,8,6,12,0,0,6,19,Short,Refused,Western Africa
Liberia,4,NA,0,NA,NA,11,11,Long,Granted,Western Africa
Liberia,22,20,14,4,0,20,10,Short,Granted,Western Africa
Libya,23,17,27,7,12,13,10,Long,Refused,Northern Africa
Libya,37,48,47,17,NA,14,13,Short,Refused,Northern Africa
Libya,24,48,45,42,35,52,26,Long,Granted,Northern Africa
Libya,31,45,98,10,10,48,27,Short,Granted,Northern Africa
Madagascar,0,0,0,0,0,0,0,Long,Refused,Eastern Africa
Madagascar,NA,NA,4,0,0,NA,0,Short,Refused,Eastern Africa
Madagascar,NA,5,4,NA,NA,NA,NA,Long,Granted,Eastern Africa
Madagascar,21,26,28,9,NA,23,24,Short,Granted,Eastern Africa
Malawi,14,18,16,14,10,12,18,Long,Refused,Eastern Africa
Malawi,88,117,61,12,8,185,131,Short,Refused,Eastern Africa
Malawi,18,20,19,14,36,64,26,Long,Granted,Eastern Africa
Malawi,152,151,206,23,28,192,149,Short,Granted,Eastern Africa
Mali,0,0,0,0,0,0,0,Long,Refused,Western Africa
Mali,4,NA,NA,NA,0,NA,8,Short,Refused,Western Africa
Mali,NA,NA,NA,0,NA,NA,NA,Long,Granted,Western Africa
Mali,32,11,25,NA,0,14,16,Short,Granted,Western Africa
Marshall Islands (the),0,0,0,0,0,0,0,Long,Refused,Micronesia
Marshall Islands (the),0,0,0,0,0,0,0,Short,Refused,Micronesia
Marshall Islands (the),0,0,0,0,0,0,0,Long,Granted,Micronesia
Marshall Islands (the),0,0,NA,0,0,NA,0,Short,Granted,Micronesia
Mauritania,0,NA,0,0,0,NA,0,Long,Refused,Western Africa
Mauritania,0,NA,0,0,0,NA,NA,Short,Refused,Western Africa
Mauritania,0,NA,0,0,0,0,0,Long,Granted,Western Africa
Mauritania,4,NA,7,0,NA,NA,NA,Short,Granted,Western Africa
Mauritius,15,19,14,5,11,22,15,Long,Refused,Eastern Africa
Mauritius,81,21,34,6,7,21,7,Short,Refused,Eastern Africa
Mauritius,29,37,24,29,36,65,21,Long,Granted,Eastern Africa
Mauritius,261,244,338,36,32,238,167,Short,Granted,Eastern Africa
Micronesia (Federated States of),0,0,0,0,0,0,0,Long,Refused,Micronesia
Micronesia (Federated States of),0,0,NA,0,0,0,0,Short,Refused,Micronesia
Micronesia (Federated States of),0,0,0,0,0,0,0,Long,Granted,Micronesia
Micronesia (Federated States of),NA,NA,NA,0,0,NA,NA,Short,Granted,Micronesia
Moldova (the Republic of),10,7,17,NA,15,32,6,Long,Refused,Eastern Europe
Moldova (the Republic of),38,32,94,15,19,93,28,Short,Refused,Eastern Europe
Moldova (the Republic of),7,21,39,50,47,107,25,Long,Granted,Eastern Europe
Moldova (the Republic of),466,583,602,167,130,515,485,Short,Granted,Eastern Europe
Mongolia,57,124,216,104,131,427,112,Long,Refused,Eastern Asia
Mongolia,77,103,114,11,4,48,49,Short,Refused,Eastern Asia
Mongolia,70,202,270,38,269,1328,659,Long,Granted,Eastern Asia
Mongolia,177,254,255,30,28,195,205,Short,Granted,Eastern Asia
Montenegro,0,NA,NA,NA,0,0,0,Long,Refused,Southern Europe
Montenegro,NA,NA,NA,0,0,0,0,Short,Refused,Southern Europe
Montenegro,NA,NA,4,0,NA,5,6,Long,Granted,Southern Europe
Montenegro,94,88,172,7,7,99,63,Short,Granted,Southern Europe
Morocco,40,29,45,27,36,47,69,Long,Refused,Northern Africa
Morocco,114,89,212,67,24,79,60,Short,Refused,Northern Africa
Morocco,71,88,93,72,78,141,129,Long,Granted,Northern Africa
Morocco,704,880,946,144,94,534,489,Short,Granted,Northern Africa
Mozambique,NA,NA,NA,NA,NA,0,0,Long,Refused,Eastern Africa
Mozambique,6,9,NA,NA,0,NA,NA,Short,Refused,Eastern Africa
Mozambique,0,NA,9,7,7,16,13,Long,Granted,Eastern Africa
Mozambique,50,29,35,5,4,48,35,Short,Granted,Eastern Africa
Myanmar,0,NA,5,NA,NA,15,8,Long,Refused,South-Eastern Asia
Myanmar,NA,8,11,0,0,15,4,Short,Refused,South-Eastern Asia
Myanmar,12,11,14,5,18,18,22,Long,Granted,South-Eastern Asia
Myanmar,69,93,95,5,5,49,43,Short,Granted,South-Eastern Asia
Namibia,NA,NA,0,0,NA,0,0,Long,Refused,Southern Africa
Namibia,NA,NA,NA,0,0,4,NA,Short,Refused,Southern Africa
Namibia,NA,NA,11,7,16,17,NA,Long,Granted,Southern Africa
Namibia,66,98,86,19,6,55,56,Short,Granted,Southern Africa
Nepal,18,39,77,24,20,140,142,Long,Refused,Southern Asia
Nepal,72,53,68,15,16,46,32,Short,Refused,Southern Asia
Nepal,54,53,87,52,94,223,181,Long,Granted,Southern Asia
Nepal,237,240,261,50,34,281,211,Short,Granted,Southern Asia
Niger (the),NA,NA,0,0,0,0,0,Long,Refused,Western Africa
Niger (the),NA,0,NA,0,0,NA,NA,Short,Refused,Western Africa
Niger (the),0,0,NA,NA,0,0,0,Long,Granted,Western Africa
Niger (the),6,5,8,NA,0,NA,NA,Short,Granted,Western Africa
Nigeria,208,366,723,585,579,594,657,Long,Refused,Western Africa
Nigeria,2265,2346,3157,754,353,3065,1388,Short,Refused,Western Africa
Nigeria,589,836,1194,838,959,1630,1114,Long,Granted,Western Africa
Nigeria,2926,3543,3000,572,556,3040,2396,Short,Granted,Western Africa
North Macedonia,NA,0,0,NA,NA,NA,NA,Long,Refused,Southern Europe
North Macedonia,9,7,9,0,6,15,NA,Short,Refused,Southern Europe
North Macedonia,13,6,10,9,9,23,12,Long,Granted,Southern Europe
North Macedonia,361,433,402,79,52,230,184,Short,Granted,Southern Europe
Oman,NA,7,5,4,10,6,NA,Long,Refused,Western Asia
Oman,NA,NA,21,NA,8,10,12,Short,Refused,Western Asia
Oman,211,223,193,165,167,123,40,Long,Granted,Western Asia
Oman,573,653,459,32,105,334,244,Short,Granted,Western Asia
Pakistan,705,732,561,338,386,586,771,Long,Refused,Southern Asia
Pakistan,2748,3742,1297,290,207,1533,1327,Short,Refused,Southern Asia
Pakistan,1212,1020,932,862,1332,2468,1977,Long,Granted,Southern Asia
Pakistan,1961,2221,2183,476,414,2483,2321,Short,Granted,Southern Asia
Palau,0,0,0,0,0,0,0,Long,Refused,Micronesia
Palau,0,0,0,0,0,0,0,Short,Refused,Micronesia
Palau,0,0,0,0,NA,0,0,Long,Granted,Micronesia
Palau,NA,0,13,NA,0,NA,NA,Short,Granted,Micronesia
"Palestine, State of",6,13,12,NA,8,9,21,Long,Refused,Western Asia
"Palestine, State of",75,129,164,30,20,94,24,Short,Refused,Western Asia
"Palestine, State of",37,38,50,48,85,79,46,Long,Granted,Western Asia
"Palestine, State of",243,269,247,33,25,202,163,Short,Granted,Western Asia
Papua New Guinea,0,0,0,0,0,0,0,Long,Refused,Melanesia
Papua New Guinea,0,0,0,0,0,0,0,Short,Refused,Melanesia
Papua New Guinea,0,0,0,0,NA,0,NA,Long,Granted,Melanesia
Papua New Guinea,7,9,12,NA,0,8,6,Short,Granted,Melanesia
Peru,23,27,18,NA,NA,59,22,Long,Refused,South America
Peru,6,7,18,8,NA,8,5,Short,Refused,South America
Peru,37,25,33,16,22,96,39,Long,Granted,South America
Peru,524,501,551,77,27,293,299,Short,Granted,South America
Philippines (the),79,130,109,83,96,130,133,Long,Refused,South-Eastern Asia
Philippines (the),613,584,710,129,45,292,251,Short,Refused,South-Eastern Asia
Philippines (the),1087,1068,1315,757,1109,2416,2054,Long,Granted,South-Eastern Asia
Philippines (the),3065,3346,3426,671,377,2336,2081,Short,Granted,South-Eastern Asia
Qatar,0,0,0,0,0,0,0,Long,Refused,Western Asia
Qatar,0,16,8,NA,0,9,7,Short,Refused,Western Asia
Qatar,NA,4,5,9,22,10,12,Long,Granted,Western Asia
Qatar,46,51,71,4,75,64,31,Short,Granted,Western Asia
Russian Federation (the),35,52,77,35,26,43,38,Long,Refused,Eastern Europe
Russian Federation (the),259,419,688,214,24,99,84,Short,Refused,Eastern Europe
Russian Federation (the),497,599,736,434,561,1490,584,Long,Granted,Eastern Europe
Russian Federation (the),13101,13374,17191,2687,1041,2594,2146,Short,Granted,Eastern Europe
Rwanda,NA,0,NA,0,NA,5,NA,Long,Refused,Eastern Africa
Rwanda,9,16,7,0,0,6,5,Short,Refused,Eastern Africa
Rwanda,NA,0,9,NA,11,13,11,Long,Granted,Eastern Africa
Rwanda,56,60,42,7,5,45,34,Short,Granted,Eastern Africa
Sao Tome and Principe,0,0,0,0,0,0,0,Long,Refused,Middle Africa
Sao Tome and Principe,0,NA,0,0,0,0,0,Short,Refused,Middle Africa
Sao Tome and Principe,0,0,0,0,NA,0,0,Long,Granted,Middle Africa
Sao Tome and Principe,0,5,0,0,NA,NA,NA,Short,Granted,Middle Africa
Saudi Arabia,12,22,15,7,4,0,NA,Long,Refused,Western Asia
Saudi Arabia,22,32,23,12,NA,18,8,Short,Refused,Western Asia
Saudi Arabia,945,966,705,495,585,469,210,Long,Granted,Western Asia
Saudi Arabia,2881,2772,2362,303,331,1163,768,Short,Granted,Western Asia
Senegal,NA,NA,5,NA,NA,4,4,Long,Refused,Western Africa
Senegal,11,9,13,4,NA,13,12,Short,Refused,Western Africa
Senegal,NA,NA,5,NA,9,19,6,Long,Granted,Western Africa
Senegal,61,60,105,10,4,46,40,Short,Granted,Western Africa
Serbia,8,4,NA,NA,4,5,NA,Long,Refused,Southern Europe
Serbia,10,29,25,NA,NA,11,NA,Short,Refused,Southern Europe
Serbia,53,54,50,48,41,63,28,Long,Granted,Southern Europe
Serbia,1402,1258,1366,222,306,990,819,Short,Granted,Southern Europe
Sierra Leone,7,NA,NA,NA,4,4,6,Long,Refused,Western Africa
Sierra Leone,66,28,46,9,4,80,53,Short,Refused,Western Africa
Sierra Leone,6,5,NA,8,23,19,20,Long,Granted,Western Africa
Sierra Leone,46,90,69,16,8,117,41,Short,Granted,Western Africa
Somalia,14,17,7,18,32,22,11,Long,Refused,Eastern Africa
Somalia,32,48,54,17,13,84,38,Short,Refused,Eastern Africa
Somalia,131,64,82,34,96,156,144,Long,Granted,Eastern Africa
Somalia,7,24,36,NA,10,50,43,Short,Granted,Eastern Africa
South Sudan,0,NA,0,NA,0,0,0,Long,Refused,Eastern Africa
South Sudan,0,4,0,0,0,0,NA,Short,Refused,Eastern Africa
South Sudan,NA,NA,0,6,5,5,NA,Long,Granted,Eastern Africa
South Sudan,0,8,10,0,NA,8,6,Short,Granted,Eastern Africa
Sri Lanka,15,18,26,22,20,63,31,Long,Refused,Southern Asia
Sri Lanka,74,118,198,57,8,68,46,Short,Refused,Southern Asia
Sri Lanka,53,76,129,102,152,537,429,Long,Granted,Southern Asia
Sri Lanka,704,592,709,147,81,460,462,Short,Granted,Southern Asia
Sudan (the),32,16,27,21,31,48,43,Long,Refused,Northern Africa
Sudan (the),491,656,856,134,75,610,368,Short,Refused,Northern Africa
Sudan (the),312,276,388,407,448,554,484,Long,Granted,Northern Africa
Sudan (the),750,878,772,70,144,789,383,Short,Granted,Northern Africa
Suriname,0,0,0,0,0,0,0,Long,Refused,South America
Suriname,0,NA,0,0,0,0,0,Short,Refused,South America
Suriname,NA,0,0,NA,0,0,0,Long,Granted,South America
Suriname,NA,4,6,0,0,NA,NA,Short,Granted,South America
Syrian Arab Republic (the),26,10,19,14,15,26,32,Long,Refused,Western Asia
Syrian Arab Republic (the),123,143,319,32,41,152,68,Short,Refused,Western Asia
Syrian Arab Republic (the),188,184,293,154,86,107,40,Long,Granted,Western Asia
Syrian Arab Republic (the),223,296,288,42,36,230,186,Short,Granted,Western Asia
Tajikistan,NA,0,NA,0,NA,NA,NA,Long,Refused,Central Asia
Tajikistan,NA,NA,12,0,NA,NA,NA,Short,Refused,Central Asia
Tajikistan,NA,0,0,NA,0,26,NA,Long,Granted,Central Asia
Tajikistan,9,16,20,5,5,18,15,Short,Granted,Central Asia
"Tanzania, the United Republic of",4,12,7,8,4,8,6,Long,Refused,Eastern Africa
"Tanzania, the United Republic of",23,49,40,5,11,33,46,Short,Refused,Eastern Africa
"Tanzania, the United Republic of",16,16,19,22,23,59,41,Long,Granted,Eastern Africa
"Tanzania, the United Republic of",169,245,127,28,29,164,158,Short,Granted,Eastern Africa
Thailand,30,87,75,18,18,27,22,Long,Refused,South-Eastern Asia
Thailand,92,97,77,16,10,35,47,Short,Refused,South-Eastern Asia
Thailand,140,158,308,118,93,421,273,Long,Granted,South-Eastern Asia
Thailand,1368,1398,1265,218,148,913,799,Short,Granted,South-Eastern Asia
Timor-Leste,0,0,0,0,0,0,0,Long,Refused,South-Eastern Asia
Timor-Leste,0,0,0,0,0,NA,NA,Short,Refused,South-Eastern Asia
Timor-Leste,0,0,NA,NA,NA,NA,NA,Long,Granted,South-Eastern Asia
Timor-Leste,NA,4,NA,NA,0,7,5,Short,Granted,South-Eastern Asia
Togo,NA,NA,10,4,4,11,5,Long,Refused,Western Africa
Togo,25,6,11,NA,0,7,NA,Short,Refused,Western Africa
Togo,NA,16,5,NA,7,21,NA,Long,Granted,Western Africa
Togo,17,28,25,NA,NA,26,14,Short,Granted,Western Africa
Tunisia,17,13,13,13,7,22,22,Long,Refused,Northern Africa
Tunisia,43,58,55,20,11,70,61,Short,Refused,Northern Africa
Tunisia,39,32,32,38,49,113,52,Long,Granted,Northern Africa
Tunisia,299,322,334,67,48,234,214,Short,Granted,Northern Africa
Turkiye,97,141,178,90,47,214,780,Long,Refused,Western Asia
Turkiye,170,185,225,52,11,278,548,Short,Refused,Western Asia
Turkiye,792,965,1526,825,1633,2940,1067,Long,Granted,Western Asia
Turkiye,4393,4336,4090,830,571,3281,2817,Short,Granted,Western Asia
Turkmenistan,0,0,NA,NA,NA,NA,0,Long,Refused,Central Asia
Turkmenistan,4,NA,NA,0,0,0,NA,Short,Refused,Central Asia
Turkmenistan,0,0,NA,0,NA,5,5,Long,Granted,Central Asia
Turkmenistan,13,13,5,0,5,11,11,Short,Granted,Central Asia
Uganda,5,10,12,NA,10,25,28,Long,Refused,Eastern Africa
Uganda,69,94,134,41,4,174,116,Short,Refused,Eastern Africa
Uganda,44,53,49,52,62,144,111,Long,Granted,Eastern Africa
Uganda,288,331,350,60,42,296,186,Short,Granted,Eastern Africa
Uzbekistan,NA,NA,4,6,0,20,10,Long,Refused,Central Asia
Uzbekistan,48,9,9,5,NA,5,4,Short,Refused,Central Asia
Uzbekistan,11,14,12,15,19,36,30,Long,Granted,Central Asia
Uzbekistan,88,59,81,11,9,84,45,Short,Granted,Central Asia
Venezuela (Bolivarian Republic of),34,44,21,12,NA,12,18,Long,Refused,South America
Venezuela (Bolivarian Republic of),11,22,31,12,NA,12,9,Short,Refused,South America
Venezuela (Bolivarian Republic of),49,37,26,21,21,39,27,Long,Granted,South America
Venezuela (Bolivarian Republic of),522,523,461,54,52,316,273,Short,Granted,South America
Viet Nam,109,62,54,39,37,118,40,Long,Refused,South-Eastern Asia
Viet Nam,50,85,70,12,8,47,56,Short,Refused,South-Eastern Asia
Viet Nam,183,188,209,239,193,428,145,Long,Granted,South-Eastern Asia
Viet Nam,734,815,865,93,34,497,468,Short,Granted,South-Eastern Asia
Yemen,9,NA,9,9,10,NA,6,Long,Refused,Western Asia
Yemen,86,91,57,9,13,60,24,Short,Refused,Western Asia
Yemen,19,22,10,8,23,36,12,Long,Granted,Western Asia
Yemen,35,50,54,6,12,47,39,Short,Granted,Western Asia
Zambia,8,14,8,6,11,6,4,Long,Refused,Eastern Africa
Zambia,18,36,38,5,4,44,36,Short,Refused,Eastern Africa
Zambia,20,21,21,22,33,66,38,Long,Granted,Eastern Africa
Zambia,209,200,161,48,20,114,180,Short,Granted,Eastern Africa
Zimbabwe,25,36,33,23,42,54,44,Long,Refused,Eastern Africa
Zimbabwe,116,173,185,34,20,108,138,Short,Refused,Eastern Africa
Zimbabwe,133,245,234,280,624,1140,709,Long,Granted,Eastern Africa
Zimbabwe,468,576,494,80,138,417,333,Short,Granted,Eastern Africa
*Other,44,44,68,36,47,13,NA,Long,Refused,Other
*Other,407,420,767,148,26,35,21,Short,Refused,Other
*Other,365,331,661,404,766,68,4,Long,Granted,Other
*Other,4238,3784,4512,868,837,522,190,Short,Granted,Other
